{"cameraMode":{"drawMode":0,"name":"Shaded","section":"Shading Mode"},"sceneLighting":true,"audioPlay":false,"sceneViewState":{"showFog":true,"showMaterialUpdate":false,"showSkybox":true,"showFlares":true,"showImageEffects":true,"showParticleSystems":true},"in2DMode":false,"pivot":{"x":19.616069793701173,"y":1.9062016010284424,"z":16.014026641845704},"rotation":{"x":-0.11093023419380188,"y":0.6930228471755981,"z":-0.1092207282781601,"w":-0.703915536403656},"size":12.189873695373536,"orthographic":false}